{
	"credit": "Made with Blockbench",
	"parent": "generated",
	"textures": {
		"1": "item/sunfish",
		"particle": "item/sunfish"
	},
	"elements": [
		{
			"name": "sunfish_0",
			"from": [11.5, 16.5, 7.75],
			"to": [14, 17.5, 8.25],
			"rotation": {"angle": 0, "axis": "y", "origin": [0, 4, 7.75]},
			"faces": {
				"north": {"uv": [14, 2.5, 11.5, 3.5], "texture": "#1"},
				"east": {"uv": [13.5, 2.5, 14, 3.5], "texture": "#1"},
				"south": {"uv": [11.5, 2.5, 14, 3.5], "texture": "#1"},
				"west": {"uv": [11.5, 2.5, 12, 3.5], "texture": "#1"},
				"up": {"uv": [11.5, 2.5, 14, 3], "texture": "#1"},
				"down": {"uv": [11.5, 3, 14, 3.5], "texture": "#1"}
			}
		},
		{
			"name": "sunfish_1",
			"from": [6.5, 4, 7.75],
			"to": [8, 17, 8.25],
			"rotation": {"angle": 0, "axis": "y", "origin": [0, 4, 7.75]},
			"faces": {
				"north": {"uv": [8, 3, 6.5, 16], "texture": "#1"},
				"east": {"uv": [7.5, 3, 8, 16], "texture": "#1"},
				"south": {"uv": [6.5, 3, 8, 16], "texture": "#1"},
				"west": {"uv": [6.5, 3, 7, 16], "texture": "#1"},
				"up": {"uv": [6.5, 3, 8, 3.5], "texture": "#1"},
				"down": {"uv": [6.5, 15.5, 8, 16], "texture": "#1"}
			}
		},
		{
			"name": "sunfish_2",
			"from": [10.5, 11, 7.75],
			"to": [11.5, 17, 8.25],
			"rotation": {"angle": 0, "axis": "y", "origin": [0, 4, 7.75]},
			"faces": {
				"north": {"uv": [11.5, 3, 10.5, 9], "texture": "#1"},
				"east": {"uv": [11, 3, 11.5, 9], "texture": "#1"},
				"south": {"uv": [10.5, 3, 11.5, 9], "texture": "#1"},
				"west": {"uv": [10.5, 3, 11, 9], "texture": "#1"},
				"up": {"uv": [10.5, 3, 11.5, 3.5], "texture": "#1"},
				"down": {"uv": [10.5, 8.5, 11.5, 9], "texture": "#1"}
			}
		},
		{
			"name": "sunfish_3",
			"from": [5.5, 5, 7.75],
			"to": [6.5, 16.5, 8.25],
			"rotation": {"angle": 0, "axis": "y", "origin": [0, 4, 7.75]},
			"faces": {
				"north": {"uv": [6.5, 3.5, 5.5, 15], "texture": "#1"},
				"east": {"uv": [6, 3.5, 6.5, 15], "texture": "#1"},
				"south": {"uv": [5.5, 3.5, 6.5, 15], "texture": "#1"},
				"west": {"uv": [5.5, 3.5, 6, 15], "texture": "#1"},
				"up": {"uv": [5.5, 3.5, 6.5, 4], "texture": "#1"},
				"down": {"uv": [5.5, 14.5, 6.5, 15], "texture": "#1"}
			}
		},
		{
			"name": "sunfish_4",
			"from": [8, 4, 7.75],
			"to": [9.5, 16.5, 8.25],
			"rotation": {"angle": 0, "axis": "y", "origin": [0, 4, 7.75]},
			"faces": {
				"north": {"uv": [9.5, 3.5, 8, 16], "texture": "#1"},
				"east": {"uv": [9, 3.5, 9.5, 16], "texture": "#1"},
				"south": {"uv": [8, 3.5, 9.5, 16], "texture": "#1"},
				"west": {"uv": [8, 3.5, 8.5, 16], "texture": "#1"},
				"up": {"uv": [8, 3.5, 9.5, 4], "texture": "#1"},
				"down": {"uv": [8, 15.5, 9.5, 16], "texture": "#1"}
			}
		},
		{
			"name": "sunfish_5",
			"from": [10, 5, 7.75],
			"to": [10.5, 16.5, 8.25],
			"rotation": {"angle": 0, "axis": "y", "origin": [0, 4, 7.75]},
			"faces": {
				"north": {"uv": [10.5, 3.5, 10, 15], "texture": "#1"},
				"east": {"uv": [10, 3.5, 10.5, 15], "texture": "#1"},
				"south": {"uv": [10, 3.5, 10.5, 15], "texture": "#1"},
				"west": {"uv": [10, 3.5, 10.5, 15], "texture": "#1"},
				"up": {"uv": [10, 3.5, 10.5, 4], "texture": "#1"},
				"down": {"uv": [10, 14.5, 10.5, 15], "texture": "#1"}
			}
		},
		{
			"name": "sunfish_6",
			"from": [11.5, 16, 7.75],
			"to": [12.5, 16.5, 8.25],
			"rotation": {"angle": 0, "axis": "y", "origin": [0, 4, 7.75]},
			"faces": {
				"north": {"uv": [12.5, 3.5, 11.5, 4], "texture": "#1"},
				"east": {"uv": [12, 3.5, 12.5, 4], "texture": "#1"},
				"south": {"uv": [11.5, 3.5, 12.5, 4], "texture": "#1"},
				"west": {"uv": [11.5, 3.5, 12, 4], "texture": "#1"},
				"up": {"uv": [11.5, 3.5, 12.5, 4], "texture": "#1"},
				"down": {"uv": [11.5, 3.5, 12.5, 4], "texture": "#1"}
			}
		},
		{
			"name": "sunfish_7",
			"from": [5, 6, 7.75],
			"to": [5.5, 16, 8.25],
			"rotation": {"angle": 0, "axis": "y", "origin": [0, 4, 7.75]},
			"faces": {
				"north": {"uv": [5.5, 4, 5, 14], "texture": "#1"},
				"east": {"uv": [5, 4, 5.5, 14], "texture": "#1"},
				"south": {"uv": [5, 4, 5.5, 14], "texture": "#1"},
				"west": {"uv": [5, 4, 5.5, 14], "texture": "#1"},
				"up": {"uv": [5, 4, 5.5, 4.5], "texture": "#1"},
				"down": {"uv": [5, 13.5, 5.5, 14], "texture": "#1"}
			}
		},
		{
			"name": "sunfish_8",
			"from": [9.5, 4.5, 7.75],
			"to": [10, 16, 8.25],
			"rotation": {"angle": 0, "axis": "y", "origin": [0, 4, 7.75]},
			"faces": {
				"north": {"uv": [10, 4, 9.5, 15.5], "texture": "#1"},
				"east": {"uv": [9.5, 4, 10, 15.5], "texture": "#1"},
				"south": {"uv": [9.5, 4, 10, 15.5], "texture": "#1"},
				"west": {"uv": [9.5, 4, 10, 15.5], "texture": "#1"},
				"up": {"uv": [9.5, 4, 10, 4.5], "texture": "#1"},
				"down": {"uv": [9.5, 15, 10, 15.5], "texture": "#1"}
			}
		},
		{
			"name": "sunfish_9",
			"from": [11.5, 15.5, 7.75],
			"to": [12, 16, 8.25],
			"rotation": {"angle": 0, "axis": "y", "origin": [0, 4, 7.75]},
			"faces": {
				"north": {"uv": [12, 4, 11.5, 4.5], "texture": "#1"},
				"east": {"uv": [11.5, 4, 12, 4.5], "texture": "#1"},
				"south": {"uv": [11.5, 4, 12, 4.5], "texture": "#1"},
				"west": {"uv": [11.5, 4, 12, 4.5], "texture": "#1"},
				"up": {"uv": [11.5, 4, 12, 4.5], "texture": "#1"},
				"down": {"uv": [11.5, 4, 12, 4.5], "texture": "#1"}
			}
		},
		{
			"name": "sunfish_10",
			"from": [11.5, 11.5, 7.75],
			"to": [12, 15, 8.25],
			"rotation": {"angle": 0, "axis": "y", "origin": [0, 4, 7.75]},
			"faces": {
				"north": {"uv": [12, 5, 11.5, 8.5], "texture": "#1"},
				"east": {"uv": [11.5, 5, 12, 8.5], "texture": "#1"},
				"south": {"uv": [11.5, 5, 12, 8.5], "texture": "#1"},
				"west": {"uv": [11.5, 5, 12, 8.5], "texture": "#1"},
				"up": {"uv": [11.5, 5, 12, 5.5], "texture": "#1"},
				"down": {"uv": [11.5, 8, 12, 8.5], "texture": "#1"}
			}
		},
		{
			"name": "sunfish_11",
			"from": [4, 10, 7.75],
			"to": [5, 14.5, 8.25],
			"rotation": {"angle": 0, "axis": "y", "origin": [0, 4, 7.75]},
			"faces": {
				"north": {"uv": [5, 5.5, 4, 10], "texture": "#1"},
				"east": {"uv": [4.5, 5.5, 5, 10], "texture": "#1"},
				"south": {"uv": [4, 5.5, 5, 10], "texture": "#1"},
				"west": {"uv": [4, 5.5, 4.5, 10], "texture": "#1"},
				"up": {"uv": [4, 5.5, 5, 6], "texture": "#1"},
				"down": {"uv": [4, 9.5, 5, 10], "texture": "#1"}
			}
		},
		{
			"name": "sunfish_12",
			"from": [12, 12.5, 7.75],
			"to": [12.5, 14.5, 8.25],
			"rotation": {"angle": 0, "axis": "y", "origin": [0, 4, 7.75]},
			"faces": {
				"north": {"uv": [12.5, 5.5, 12, 7.5], "texture": "#1"},
				"east": {"uv": [12, 5.5, 12.5, 7.5], "texture": "#1"},
				"south": {"uv": [12, 5.5, 12.5, 7.5], "texture": "#1"},
				"west": {"uv": [12, 5.5, 12.5, 7.5], "texture": "#1"},
				"up": {"uv": [12, 5.5, 12.5, 6], "texture": "#1"},
				"down": {"uv": [12, 7, 12.5, 7.5], "texture": "#1"}
			}
		},
		{
			"name": "sunfish_13",
			"from": [3.5, 10.5, 7.75],
			"to": [4, 14, 8.25],
			"rotation": {"angle": 0, "axis": "y", "origin": [0, 4, 7.75]},
			"faces": {
				"north": {"uv": [4, 6, 3.5, 9.5], "texture": "#1"},
				"east": {"uv": [3.5, 6, 4, 9.5], "texture": "#1"},
				"south": {"uv": [3.5, 6, 4, 9.5], "texture": "#1"},
				"west": {"uv": [3.5, 6, 4, 9.5], "texture": "#1"},
				"up": {"uv": [3.5, 6, 4, 6.5], "texture": "#1"},
				"down": {"uv": [3.5, 9, 4, 9.5], "texture": "#1"}
			}
		},
		{
			"name": "sunfish_14",
			"from": [3, 11.5, 7.75],
			"to": [3.5, 13, 8.25],
			"rotation": {"angle": 0, "axis": "y", "origin": [0, 4, 7.75]},
			"faces": {
				"north": {"uv": [3.5, 7, 3, 8.5], "texture": "#1"},
				"east": {"uv": [3, 7, 3.5, 8.5], "texture": "#1"},
				"south": {"uv": [3, 7, 3.5, 8.5], "texture": "#1"},
				"west": {"uv": [3, 7, 3.5, 8.5], "texture": "#1"},
				"up": {"uv": [3, 7, 3.5, 7.5], "texture": "#1"},
				"down": {"uv": [3, 8, 3.5, 8.5], "texture": "#1"}
			}
		},
		{
			"name": "sunfish_15",
			"from": [10.5, 6, 7.75],
			"to": [11, 11, 8.25],
			"rotation": {"angle": 0, "axis": "y", "origin": [0, 4, 7.75]},
			"faces": {
				"north": {"uv": [11, 9, 10.5, 14], "texture": "#1"},
				"east": {"uv": [10.5, 9, 11, 14], "texture": "#1"},
				"south": {"uv": [10.5, 9, 11, 14], "texture": "#1"},
				"west": {"uv": [10.5, 9, 11, 14], "texture": "#1"},
				"up": {"uv": [10.5, 9, 11, 9.5], "texture": "#1"},
				"down": {"uv": [10.5, 13.5, 11, 14], "texture": "#1"}
			}
		},
		{
			"name": "sunfish_16",
			"from": [4.5, 9.5, 7.75],
			"to": [5, 10, 8.25],
			"rotation": {"angle": 0, "axis": "y", "origin": [0, 4, 7.75]},
			"faces": {
				"north": {"uv": [5, 10, 4.5, 10.5], "texture": "#1"},
				"east": {"uv": [4.5, 10, 5, 10.5], "texture": "#1"},
				"south": {"uv": [4.5, 10, 5, 10.5], "texture": "#1"},
				"west": {"uv": [4.5, 10, 5, 10.5], "texture": "#1"},
				"up": {"uv": [4.5, 10, 5, 10.5], "texture": "#1"},
				"down": {"uv": [4.5, 10, 5, 10.5], "texture": "#1"}
			}
		},
		{
			"name": "sunfish_17",
			"from": [6, 4.5, 7.75],
			"to": [6.5, 5, 8.25],
			"rotation": {"angle": 0, "axis": "y", "origin": [0, 4, 7.75]},
			"faces": {
				"north": {"uv": [6.5, 15, 6, 15.5], "texture": "#1"},
				"east": {"uv": [6, 15, 6.5, 15.5], "texture": "#1"},
				"south": {"uv": [6, 15, 6.5, 15.5], "texture": "#1"},
				"west": {"uv": [6, 15, 6.5, 15.5], "texture": "#1"},
				"up": {"uv": [6, 15, 6.5, 15.5], "texture": "#1"},
				"down": {"uv": [6, 15, 6.5, 15.5], "texture": "#1"}
			}
		}
	],
	"gui_light": "front",
	"display": {
		"thirdperson_righthand": {
			"translation": [0, 3, 1],
			"scale": [1.1, 1.1, 1.1]
		},
		"firstperson_righthand": {
			"rotation": [0, -90, 25],
			"translation": [1.13, 3.2, 1.13],
			"scale": [1.36, 1.36, 1.36]
		},
		"ground": {
			"translation": [0, 2, 0]
		},
		"gui": {
			"scale": [2, 2, 2]
		},
		"head": {
			"rotation": [0, 180, 0],
			"translation": [0, 13, 7]
		},
		"fixed": {
			"rotation": [0, 180, 0],
			"scale": [2, 2, 2]
		}
	},
	"groups": [
		{
			"name": "sunfish",
			"origin": [8, 8, 8],
			"color": 0,
			"children": [0, 1, 2, 3, 4, 5, 6, 7, 8, 9, 10, 11, 12, 13, 14, 15, 16, 17]
		}
	]
}