{
	"credit": "Made with Blockbench",
	"parent": "generated",
	"textures": {
		"1": "item/angler",
		"particle": "item/angler"
	},
	"elements": [
		{
			"name": "angler_0",
			"from": [6.5, 14, 7.75],
			"to": [8.5, 14.5, 8.25],
			"rotation": {"angle": 0, "axis": "y", "origin": [0, 4, 7.75]},
			"faces": {
				"north": {"uv": [8.5, 5.5, 6.5, 6], "texture": "#1"},
				"east": {"uv": [8, 5.5, 8.5, 6], "texture": "#1"},
				"south": {"uv": [6.5, 5.5, 8.5, 6], "texture": "#1"},
				"west": {"uv": [6.5, 5.5, 7, 6], "texture": "#1"},
				"up": {"uv": [6.5, 5.5, 8.5, 6], "texture": "#1"},
				"down": {"uv": [6.5, 5.5, 8.5, 6], "texture": "#1"}
			}
		},
		{
			"name": "angler_1",
			"from": [6, 13.5, 7.75],
			"to": [7, 14, 8.25],
			"rotation": {"angle": 0, "axis": "y", "origin": [0, 4, 7.75]},
			"faces": {
				"north": {"uv": [7, 6, 6, 6.5], "texture": "#1"},
				"east": {"uv": [6.5, 6, 7, 6.5], "texture": "#1"},
				"south": {"uv": [6, 6, 7, 6.5], "texture": "#1"},
				"west": {"uv": [6, 6, 6.5, 6.5], "texture": "#1"},
				"up": {"uv": [6, 6, 7, 6.5], "texture": "#1"},
				"down": {"uv": [6, 6, 7, 6.5], "texture": "#1"}
			}
		},
		{
			"name": "angler_2",
			"from": [8, 13.5, 7.75],
			"to": [9, 14, 8.25],
			"rotation": {"angle": 0, "axis": "y", "origin": [0, 4, 7.75]},
			"faces": {
				"north": {"uv": [9, 6, 8, 6.5], "texture": "#1"},
				"east": {"uv": [8.5, 6, 9, 6.5], "texture": "#1"},
				"south": {"uv": [8, 6, 9, 6.5], "texture": "#1"},
				"west": {"uv": [8, 6, 8.5, 6.5], "texture": "#1"},
				"up": {"uv": [8, 6, 9, 6.5], "texture": "#1"},
				"down": {"uv": [8, 6, 9, 6.5], "texture": "#1"}
			}
		},
		{
			"name": "angler_3",
			"from": [5.5, 12, 7.75],
			"to": [6.5, 13.5, 8.25],
			"rotation": {"angle": 0, "axis": "y", "origin": [0, 4, 7.75]},
			"faces": {
				"north": {"uv": [6.5, 6.5, 5.5, 8], "texture": "#1"},
				"east": {"uv": [6, 6.5, 6.5, 8], "texture": "#1"},
				"south": {"uv": [5.5, 6.5, 6.5, 8], "texture": "#1"},
				"west": {"uv": [5.5, 6.5, 6, 8], "texture": "#1"},
				"up": {"uv": [5.5, 6.5, 6.5, 7], "texture": "#1"},
				"down": {"uv": [5.5, 7.5, 6.5, 8], "texture": "#1"}
			}
		},
		{
			"name": "angler_4",
			"from": [8.5, 4, 7.75],
			"to": [9, 13.5, 8.25],
			"rotation": {"angle": 0, "axis": "y", "origin": [0, 4, 7.75]},
			"faces": {
				"north": {"uv": [9, 6.5, 8.5, 16], "texture": "#1"},
				"east": {"uv": [8.5, 6.5, 9, 16], "texture": "#1"},
				"south": {"uv": [8.5, 6.5, 9, 16], "texture": "#1"},
				"west": {"uv": [8.5, 6.5, 9, 16], "texture": "#1"},
				"up": {"uv": [8.5, 6.5, 9, 7], "texture": "#1"},
				"down": {"uv": [8.5, 15.5, 9, 16], "texture": "#1"}
			}
		},
		{
			"name": "angler_5",
			"from": [7, 12, 7.75],
			"to": [8.5, 12.5, 8.25],
			"rotation": {"angle": 0, "axis": "y", "origin": [0, 4, 7.75]},
			"faces": {
				"north": {"uv": [8.5, 7.5, 7, 8], "texture": "#1"},
				"east": {"uv": [8, 7.5, 8.5, 8], "texture": "#1"},
				"south": {"uv": [7, 7.5, 8.5, 8], "texture": "#1"},
				"west": {"uv": [7, 7.5, 7.5, 8], "texture": "#1"},
				"up": {"uv": [7, 7.5, 8.5, 8], "texture": "#1"},
				"down": {"uv": [7, 7.5, 8.5, 8], "texture": "#1"}
			}
		},
		{
			"name": "angler_6",
			"from": [7.5, 4, 7.75],
			"to": [8.5, 12, 8.25],
			"rotation": {"angle": 0, "axis": "y", "origin": [0, 4, 7.75]},
			"faces": {
				"north": {"uv": [8.5, 8, 7.5, 16], "texture": "#1"},
				"east": {"uv": [8, 8, 8.5, 16], "texture": "#1"},
				"south": {"uv": [7.5, 8, 8.5, 16], "texture": "#1"},
				"west": {"uv": [7.5, 8, 8, 16], "texture": "#1"},
				"up": {"uv": [7.5, 8, 8.5, 8.5], "texture": "#1"},
				"down": {"uv": [7.5, 15.5, 8.5, 16], "texture": "#1"}
			}
		},
		{
			"name": "angler_7",
			"from": [9, 4, 7.75],
			"to": [9.5, 12, 8.25],
			"rotation": {"angle": 0, "axis": "y", "origin": [0, 4, 7.75]},
			"faces": {
				"north": {"uv": [9.5, 8, 9, 16], "texture": "#1"},
				"east": {"uv": [9, 8, 9.5, 16], "texture": "#1"},
				"south": {"uv": [9, 8, 9.5, 16], "texture": "#1"},
				"west": {"uv": [9, 8, 9.5, 16], "texture": "#1"},
				"up": {"uv": [9, 8, 9.5, 8.5], "texture": "#1"},
				"down": {"uv": [9, 15.5, 9.5, 16], "texture": "#1"}
			}
		},
		{
			"name": "angler_8",
			"from": [5, 6, 7.75],
			"to": [6, 11.5, 8.25],
			"rotation": {"angle": 0, "axis": "y", "origin": [0, 4, 7.75]},
			"faces": {
				"north": {"uv": [6, 8.5, 5, 14], "texture": "#1"},
				"east": {"uv": [5.5, 8.5, 6, 14], "texture": "#1"},
				"south": {"uv": [5, 8.5, 6, 14], "texture": "#1"},
				"west": {"uv": [5, 8.5, 5.5, 14], "texture": "#1"},
				"up": {"uv": [5, 8.5, 6, 9], "texture": "#1"},
				"down": {"uv": [5, 13.5, 6, 14], "texture": "#1"}
			}
		},
		{
			"name": "angler_9",
			"from": [7, 11, 7.75],
			"to": [7.5, 11.5, 8.25],
			"rotation": {"angle": 0, "axis": "y", "origin": [0, 4, 7.75]},
			"faces": {
				"north": {"uv": [7.5, 8.5, 7, 9], "texture": "#1"},
				"east": {"uv": [7, 8.5, 7.5, 9], "texture": "#1"},
				"south": {"uv": [7, 8.5, 7.5, 9], "texture": "#1"},
				"west": {"uv": [7, 8.5, 7.5, 9], "texture": "#1"},
				"up": {"uv": [7, 8.5, 7.5, 9], "texture": "#1"},
				"down": {"uv": [7, 8.5, 7.5, 9], "texture": "#1"}
			}
		},
		{
			"name": "angler_10",
			"from": [9.5, 4.5, 7.75],
			"to": [10, 11.5, 8.25],
			"rotation": {"angle": 0, "axis": "y", "origin": [0, 4, 7.75]},
			"faces": {
				"north": {"uv": [10, 8.5, 9.5, 15.5], "texture": "#1"},
				"east": {"uv": [9.5, 8.5, 10, 15.5], "texture": "#1"},
				"south": {"uv": [9.5, 8.5, 10, 15.5], "texture": "#1"},
				"west": {"uv": [9.5, 8.5, 10, 15.5], "texture": "#1"},
				"up": {"uv": [9.5, 8.5, 10, 9], "texture": "#1"},
				"down": {"uv": [9.5, 15, 10, 15.5], "texture": "#1"}
			}
		},
		{
			"name": "angler_11",
			"from": [6, 4.5, 7.75],
			"to": [6.5, 11, 8.25],
			"rotation": {"angle": 0, "axis": "y", "origin": [0, 4, 7.75]},
			"faces": {
				"north": {"uv": [6.5, 9, 6, 15.5], "texture": "#1"},
				"east": {"uv": [6, 9, 6.5, 15.5], "texture": "#1"},
				"south": {"uv": [6, 9, 6.5, 15.5], "texture": "#1"},
				"west": {"uv": [6, 9, 6.5, 15.5], "texture": "#1"},
				"up": {"uv": [6, 9, 6.5, 9.5], "texture": "#1"},
				"down": {"uv": [6, 15, 6.5, 15.5], "texture": "#1"}
			}
		},
		{
			"name": "angler_12",
			"from": [6.5, 4, 7.75],
			"to": [7.5, 10.5, 8.25],
			"rotation": {"angle": 0, "axis": "y", "origin": [0, 4, 7.75]},
			"faces": {
				"north": {"uv": [7.5, 9.5, 6.5, 16], "texture": "#1"},
				"east": {"uv": [7, 9.5, 7.5, 16], "texture": "#1"},
				"south": {"uv": [6.5, 9.5, 7.5, 16], "texture": "#1"},
				"west": {"uv": [6.5, 9.5, 7, 16], "texture": "#1"},
				"up": {"uv": [6.5, 9.5, 7.5, 10], "texture": "#1"},
				"down": {"uv": [6.5, 15.5, 7.5, 16], "texture": "#1"}
			}
		},
		{
			"name": "angler_13",
			"from": [10, 5, 7.75],
			"to": [10.5, 10.5, 8.25],
			"rotation": {"angle": 0, "axis": "y", "origin": [0, 4, 7.75]},
			"faces": {
				"north": {"uv": [10.5, 9.5, 10, 15], "texture": "#1"},
				"east": {"uv": [10, 9.5, 10.5, 15], "texture": "#1"},
				"south": {"uv": [10, 9.5, 10.5, 15], "texture": "#1"},
				"west": {"uv": [10, 9.5, 10.5, 15], "texture": "#1"},
				"up": {"uv": [10, 9.5, 10.5, 10], "texture": "#1"},
				"down": {"uv": [10, 14.5, 10.5, 15], "texture": "#1"}
			}
		},
		{
			"name": "angler_14",
			"from": [10.5, 6, 7.75],
			"to": [11, 10, 8.25],
			"rotation": {"angle": 0, "axis": "y", "origin": [0, 4, 7.75]},
			"faces": {
				"north": {"uv": [11, 10, 10.5, 14], "texture": "#1"},
				"east": {"uv": [10.5, 10, 11, 14], "texture": "#1"},
				"south": {"uv": [10.5, 10, 11, 14], "texture": "#1"},
				"west": {"uv": [10.5, 10, 11, 14], "texture": "#1"},
				"up": {"uv": [10.5, 10, 11, 10.5], "texture": "#1"},
				"down": {"uv": [10.5, 13.5, 11, 14], "texture": "#1"}
			}
		},
		{
			"name": "angler_15",
			"from": [5.5, 5, 7.75],
			"to": [6, 6, 8.25],
			"rotation": {"angle": 0, "axis": "y", "origin": [0, 4, 7.75]},
			"faces": {
				"north": {"uv": [6, 14, 5.5, 15], "texture": "#1"},
				"east": {"uv": [5.5, 14, 6, 15], "texture": "#1"},
				"south": {"uv": [5.5, 14, 6, 15], "texture": "#1"},
				"west": {"uv": [5.5, 14, 6, 15], "texture": "#1"},
				"up": {"uv": [5.5, 14, 6, 14.5], "texture": "#1"},
				"down": {"uv": [5.5, 14.5, 6, 15], "texture": "#1"}
			}
		}
	],
	"gui_light": "front",
	"display": {
		"thirdperson_righthand": {
			"translation": [0, 3, 1],
			"scale": [1.1, 1.1, 1.1]
		},
		"firstperson_righthand": {
			"rotation": [0, -90, 25],
			"translation": [1.13, 3.2, 1.13],
			"scale": [1.36, 1.36, 1.36]
		},
		"ground": {
			"translation": [0, 2, 0]
		},
		"gui": {
			"scale": [2, 2, 2]
		},
		"head": {
			"rotation": [0, 180, 0],
			"translation": [0, 13, 7]
		},
		"fixed": {
			"rotation": [0, 180, 0],
			"scale": [2, 2, 2]
		}
	},
	"groups": [
		{
			"name": "angler",
			"origin": [8, 8, 8],
			"color": 0,
			"children": [0, 1, 2, 3, 4, 5, 6, 7, 8, 9, 10, 11, 12, 13, 14, 15]
		}
	]
}