{
	"credit": "Made with Blockbench",
	"parent": "generated",
	"textures": {
		"2": "item/electric_eel",
		"particle": "item/sunfish"
	},
	"elements": [
		{
			"name": "electric_eel_0",
			"from": [6, 11.5, 7.75],
			"to": [9, 13.5, 8.25],
			"rotation": {"angle": 0, "axis": "y", "origin": [0.5, 4, 7.75]},
			"faces": {
				"north": {"uv": [8.5, 6.5, 5.5, 8.5], "texture": "#2"},
				"east": {"uv": [8, 6.5, 8.5, 8.5], "texture": "#2"},
				"south": {"uv": [5.5, 6.5, 8.5, 8.5], "texture": "#2"},
				"west": {"uv": [5.5, 6.5, 6, 8.5], "texture": "#2"},
				"up": {"uv": [5.5, 6.5, 8.5, 7], "texture": "#2"},
				"down": {"uv": [5.5, 8, 8.5, 8.5], "texture": "#2"}
			}
		},
		{
			"name": "electric_eel_1",
			"from": [5.5, 11.5, 7.75],
			"to": [6, 13, 8.25],
			"rotation": {"angle": 0, "axis": "y", "origin": [0.5, 4, 7.75]},
			"faces": {
				"north": {"uv": [5.5, 7, 5, 8.5], "texture": "#2"},
				"east": {"uv": [5, 7, 5.5, 8.5], "texture": "#2"},
				"south": {"uv": [5, 7, 5.5, 8.5], "texture": "#2"},
				"west": {"uv": [5, 7, 5.5, 8.5], "texture": "#2"},
				"up": {"uv": [5, 7, 5.5, 7.5], "texture": "#2"},
				"down": {"uv": [5, 8, 5.5, 8.5], "texture": "#2"}
			}
		},
		{
			"name": "electric_eel_2",
			"from": [9, 4, 7.75],
			"to": [9.5, 13, 8.25],
			"rotation": {"angle": 0, "axis": "y", "origin": [0.5, 4, 7.75]},
			"faces": {
				"north": {"uv": [9, 7, 8.5, 16], "texture": "#2"},
				"east": {"uv": [8.5, 7, 9, 16], "texture": "#2"},
				"south": {"uv": [8.5, 7, 9, 16], "texture": "#2"},
				"west": {"uv": [8.5, 7, 9, 16], "texture": "#2"},
				"up": {"uv": [8.5, 7, 9, 7.5], "texture": "#2"},
				"down": {"uv": [8.5, 15.5, 9, 16], "texture": "#2"}
			}
		},
		{
			"name": "electric_eel_3",
			"from": [9.5, 4.5, 7.75],
			"to": [10, 12, 8.25],
			"rotation": {"angle": 0, "axis": "y", "origin": [0.5, 4, 7.75]},
			"faces": {
				"north": {"uv": [9.5, 8, 9, 15.5], "texture": "#2"},
				"east": {"uv": [9, 8, 9.5, 15.5], "texture": "#2"},
				"south": {"uv": [9, 8, 9.5, 15.5], "texture": "#2"},
				"west": {"uv": [9, 8, 9.5, 15.5], "texture": "#2"},
				"up": {"uv": [9, 8, 9.5, 8.5], "texture": "#2"},
				"down": {"uv": [9, 15, 9.5, 15.5], "texture": "#2"}
			}
		},
		{
			"name": "electric_eel_4",
			"from": [6.5, 4, 7.75],
			"to": [9, 11.5, 8.25],
			"rotation": {"angle": 0, "axis": "y", "origin": [0.5, 4, 7.75]},
			"faces": {
				"north": {"uv": [8.5, 8.5, 6, 16], "texture": "#2"},
				"east": {"uv": [8, 8.5, 8.5, 16], "texture": "#2"},
				"south": {"uv": [6, 8.5, 8.5, 16], "texture": "#2"},
				"west": {"uv": [6, 8.5, 6.5, 16], "texture": "#2"},
				"up": {"uv": [6, 8.5, 8.5, 9], "texture": "#2"},
				"down": {"uv": [6, 15.5, 8.5, 16], "texture": "#2"}
			}
		},
		{
			"name": "electric_eel_5",
			"from": [5.5, 5, 7.75],
			"to": [6.5, 10.5, 8.25],
			"rotation": {"angle": 0, "axis": "y", "origin": [0.5, 4, 7.75]},
			"faces": {
				"north": {"uv": [6, 9.5, 5, 15], "texture": "#2"},
				"east": {"uv": [5.5, 9.5, 6, 15], "texture": "#2"},
				"south": {"uv": [5, 9.5, 6, 15], "texture": "#2"},
				"west": {"uv": [5, 9.5, 5.5, 15], "texture": "#2"},
				"up": {"uv": [5, 9.5, 6, 10], "texture": "#2"},
				"down": {"uv": [5, 14.5, 6, 15], "texture": "#2"}
			}
		},
		{
			"name": "electric_eel_6",
			"from": [10, 5, 7.75],
			"to": [10.5, 10.5, 8.25],
			"rotation": {"angle": 0, "axis": "y", "origin": [0.5, 4, 7.75]},
			"faces": {
				"north": {"uv": [10, 9.5, 9.5, 15], "texture": "#2"},
				"east": {"uv": [9.5, 9.5, 10, 15], "texture": "#2"},
				"south": {"uv": [9.5, 9.5, 10, 15], "texture": "#2"},
				"west": {"uv": [9.5, 9.5, 10, 15], "texture": "#2"},
				"up": {"uv": [9.5, 9.5, 10, 10], "texture": "#2"},
				"down": {"uv": [9.5, 14.5, 10, 15], "texture": "#2"}
			}
		},
		{
			"name": "electric_eel_7",
			"from": [5, 6, 7.75],
			"to": [5.5, 10, 8.25],
			"rotation": {"angle": 0, "axis": "y", "origin": [0.5, 4, 7.75]},
			"faces": {
				"north": {"uv": [5, 10, 4.5, 14], "texture": "#2"},
				"east": {"uv": [4.5, 10, 5, 14], "texture": "#2"},
				"south": {"uv": [4.5, 10, 5, 14], "texture": "#2"},
				"west": {"uv": [4.5, 10, 5, 14], "texture": "#2"},
				"up": {"uv": [4.5, 10, 5, 10.5], "texture": "#2"},
				"down": {"uv": [4.5, 13.5, 5, 14], "texture": "#2"}
			}
		},
		{
			"name": "electric_eel_8",
			"from": [10.5, 6, 7.75],
			"to": [11, 10, 8.25],
			"rotation": {"angle": 0, "axis": "y", "origin": [0.5, 4, 7.75]},
			"faces": {
				"north": {"uv": [10.5, 10, 10, 14], "texture": "#2"},
				"east": {"uv": [10, 10, 10.5, 14], "texture": "#2"},
				"south": {"uv": [10, 10, 10.5, 14], "texture": "#2"},
				"west": {"uv": [10, 10, 10.5, 14], "texture": "#2"},
				"up": {"uv": [10, 10, 10.5, 10.5], "texture": "#2"},
				"down": {"uv": [10, 13.5, 10.5, 14], "texture": "#2"}
			}
		},
		{
			"name": "electric_eel_9",
			"from": [6, 4.5, 7.75],
			"to": [6.5, 5, 8.25],
			"rotation": {"angle": 0, "axis": "y", "origin": [0.5, 4, 7.75]},
			"faces": {
				"north": {"uv": [6, 15, 5.5, 15.5], "texture": "#2"},
				"east": {"uv": [5.5, 15, 6, 15.5], "texture": "#2"},
				"south": {"uv": [5.5, 15, 6, 15.5], "texture": "#2"},
				"west": {"uv": [5.5, 15, 6, 15.5], "texture": "#2"},
				"up": {"uv": [5.5, 15, 6, 15.5], "texture": "#2"},
				"down": {"uv": [5.5, 15, 6, 15.5], "texture": "#2"}
			}
		}
	],
	"gui_light": "front",
	"display": {
		"thirdperson_righthand": {
			"translation": [0, 3, 1],
			"scale": [1.1, 1.1, 1.1]
		},
		"firstperson_righthand": {
			"rotation": [0, -90, 25],
			"translation": [1.13, 3.2, 1.13],
			"scale": [1.36, 1.36, 1.36]
		},
		"ground": {
			"translation": [0, 2, 0]
		},
		"gui": {
			"scale": [2, 2, 2]
		},
		"head": {
			"rotation": [0, 180, 0],
			"translation": [0, 13, 7]
		},
		"fixed": {
			"rotation": [0, 180, 0],
			"scale": [2, 2, 2]
		}
	},
	"groups": [
		{
			"name": "electric_eel",
			"origin": [8, 8, 8],
			"color": 0,
			"children": [0, 1, 2, 3, 4, 5, 6, 7, 8, 9]
		}
	]
}